-- MySQL dump 10.13  Distrib 8.0.25, for Win64 (x86_64)
--
-- Host: localhost    Database: travelnest
-- ------------------------------------------------------
-- Server version	8.2.0

/*!40101 SET @OLD_CHARACTER_SET_CLIENT=@@CHARACTER_SET_CLIENT */;
/*!40101 SET @OLD_CHARACTER_SET_RESULTS=@@CHARACTER_SET_RESULTS */;
/*!40101 SET @OLD_COLLATION_CONNECTION=@@COLLATION_CONNECTION */;
/*!50503 SET NAMES utf8 */;
/*!40103 SET @OLD_TIME_ZONE=@@TIME_ZONE */;
/*!40103 SET TIME_ZONE='+00:00' */;
/*!40014 SET @OLD_UNIQUE_CHECKS=@@UNIQUE_CHECKS, UNIQUE_CHECKS=0 */;
/*!40014 SET @OLD_FOREIGN_KEY_CHECKS=@@FOREIGN_KEY_CHECKS, FOREIGN_KEY_CHECKS=0 */;
/*!40101 SET @OLD_SQL_MODE=@@SQL_MODE, SQL_MODE='NO_AUTO_VALUE_ON_ZERO' */;
/*!40111 SET @OLD_SQL_NOTES=@@SQL_NOTES, SQL_NOTES=0 */;

--
-- Table structure for table `area`
--

DROP TABLE IF EXISTS `area`;
/*!40101 SET @saved_cs_client     = @@character_set_client */;
/*!50503 SET character_set_client = utf8mb4 */;
CREATE TABLE `area` (
  `area_id` int NOT NULL AUTO_INCREMENT,
  `aname` varchar(45) NOT NULL,
  `city_id` int NOT NULL,
  PRIMARY KEY (`area_id`),
  KEY `city_id_idx` (`city_id`),
  CONSTRAINT `city_id` FOREIGN KEY (`city_id`) REFERENCES `city` (`city_id`) ON DELETE CASCADE ON UPDATE CASCADE
) ENGINE=InnoDB AUTO_INCREMENT=8 DEFAULT CHARSET=utf8mb4 COLLATE=utf8mb4_0900_ai_ci;
/*!40101 SET character_set_client = @saved_cs_client */;

--
-- Dumping data for table `area`
--

LOCK TABLES `area` WRITE;
/*!40000 ALTER TABLE `area` DISABLE KEYS */;
INSERT INTO `area` VALUES (1,'Deccan',1),(2,'Goregaon',2),(3,'Ghatkoper',2),(4,'Gandhi Bagh',3),(5,'Kothrud',1),(6,'string',4),(7,'asdfghjk',10);
/*!40000 ALTER TABLE `area` ENABLE KEYS */;
UNLOCK TABLES;

--
-- Table structure for table `city`
--

DROP TABLE IF EXISTS `city`;
/*!40101 SET @saved_cs_client     = @@character_set_client */;
/*!50503 SET character_set_client = utf8mb4 */;
CREATE TABLE `city` (
  `city_id` int NOT NULL AUTO_INCREMENT,
  `cname` varchar(45) NOT NULL,
  PRIMARY KEY (`city_id`)
) ENGINE=InnoDB AUTO_INCREMENT=11 DEFAULT CHARSET=utf8mb4 COLLATE=utf8mb4_0900_ai_ci;
/*!40101 SET character_set_client = @saved_cs_client */;

--
-- Dumping data for table `city`
--

LOCK TABLES `city` WRITE;
/*!40000 ALTER TABLE `city` DISABLE KEYS */;
INSERT INTO `city` VALUES (1,'Pune'),(2,'Mumbai'),(3,'Nagpur'),(4,'string'),(10,'sdfghjkjn');
/*!40000 ALTER TABLE `city` ENABLE KEYS */;
UNLOCK TABLES;

--
-- Table structure for table `role`
--

DROP TABLE IF EXISTS `role`;
/*!40101 SET @saved_cs_client     = @@character_set_client */;
/*!50503 SET character_set_client = utf8mb4 */;
CREATE TABLE `role` (
  `role_id` int NOT NULL AUTO_INCREMENT,
  `rname` varchar(45) NOT NULL,
  PRIMARY KEY (`role_id`),
  UNIQUE KEY `rname_UNIQUE` (`rname`)
) ENGINE=InnoDB AUTO_INCREMENT=11 DEFAULT CHARSET=utf8mb4 COLLATE=utf8mb4_0900_ai_ci;
/*!40101 SET character_set_client = @saved_cs_client */;

--
-- Dumping data for table `role`
--

LOCK TABLES `role` WRITE;
/*!40000 ALTER TABLE `role` DISABLE KEYS */;
INSERT INTO `role` VALUES (1,'Admin'),(3,'Customer'),(2,'Owner'),(10,'sdfghjkn'),(4,'string');
/*!40000 ALTER TABLE `role` ENABLE KEYS */;
UNLOCK TABLES;

--
-- Table structure for table `security_question`
--

DROP TABLE IF EXISTS `security_question`;
/*!40101 SET @saved_cs_client     = @@character_set_client */;
/*!50503 SET character_set_client = utf8mb4 */;
CREATE TABLE `security_question` (
  `sid` int NOT NULL AUTO_INCREMENT,
  `question` varchar(80) NOT NULL,
  PRIMARY KEY (`sid`),
  UNIQUE KEY `question_UNIQUE` (`question`)
) ENGINE=InnoDB AUTO_INCREMENT=7 DEFAULT CHARSET=utf8mb4 COLLATE=utf8mb4_0900_ai_ci;
/*!40101 SET character_set_client = @saved_cs_client */;

--
-- Dumping data for table `security_question`
--

LOCK TABLES `security_question` WRITE;
/*!40000 ALTER TABLE `security_question` DISABLE KEYS */;
INSERT INTO `security_question` VALUES (6,'sdfghj'),(4,'string'),(3,'What is your favourite color'),(2,'What is your mother\'s name?'),(1,'What is your school name?');
/*!40000 ALTER TABLE `security_question` ENABLE KEYS */;
UNLOCK TABLES;

--
-- Table structure for table `users`
--

DROP TABLE IF EXISTS `users`;
/*!40101 SET @saved_cs_client     = @@character_set_client */;
/*!50503 SET character_set_client = utf8mb4 */;
CREATE TABLE `users` (
  `user_id` int NOT NULL AUTO_INCREMENT,
  `fname` varchar(25) NOT NULL,
  `lname` varchar(25) DEFAULT NULL,
  `email` varchar(45) NOT NULL,
  `mobile` varchar(10) NOT NULL,
  `aadhar` varchar(15) NOT NULL,
  `password` varchar(255) NOT NULL,
  `area` int NOT NULL,
  `address` varchar(100) DEFAULT NULL,
  `role_id` int NOT NULL,
  `question` int NOT NULL,
  `answer` varchar(45) NOT NULL,
  `authorized` int NOT NULL DEFAULT '0',
  PRIMARY KEY (`user_id`),
  UNIQUE KEY `email_UNIQUE` (`email`),
  UNIQUE KEY `mobile_UNIQUE` (`mobile`),
  UNIQUE KEY `aadhar_UNIQUE` (`aadhar`),
  KEY `area_id_idx` (`area`),
  KEY `role_id_idx` (`role_id`),
  KEY `question_idx` (`question`),
  CONSTRAINT `area_id` FOREIGN KEY (`area`) REFERENCES `area` (`area_id`) ON UPDATE CASCADE,
  CONSTRAINT `question` FOREIGN KEY (`question`) REFERENCES `security_question` (`sid`) ON UPDATE CASCADE,
  CONSTRAINT `role_id` FOREIGN KEY (`role_id`) REFERENCES `role` (`role_id`) ON UPDATE CASCADE
) ENGINE=InnoDB AUTO_INCREMENT=8 DEFAULT CHARSET=utf8mb4 COLLATE=utf8mb4_0900_ai_ci;
/*!40101 SET character_set_client = @saved_cs_client */;

--
-- Dumping data for table `users`
--

LOCK TABLES `users` WRITE;
/*!40000 ALTER TABLE `users` DISABLE KEYS */;
INSERT INTO `users` VALUES (1,'Neha',NULL,'neha@gmail.com','9876054123','678954321098','Neha@123',1,'Housing society',3,1,'St Mira',0),(2,'Amit','Patil','amit@123','9807561243','876905643213','$2a$11$pLdw88k782humr.Sqfyc7eIZcCzkTQCT9FQPOhk4wln8lsWk2neW6',1,'Knowit',3,1,'rosary',1),(3,'Ravi','Deshpande','ravi@gmail.com','9876123450','321456437689','$2a$11$G19geg0b2oVHXEhD8GHhouXal0Fuue3.Zvfz1U3jk4y/8MFcQRHli',2,'House society',2,1,'Dastur',0),(4,'string','string','string','string','string','$2a$11$Sigcen5Db8yhqEYHjY0ByOigZpgOhI5gXeIy3lYQZ8p.E.GJ4UTue',6,'string',4,4,'string',1),(5,'asd','fd','asd','1234321','1234321','$2a$11$4Vc2E5LF8MgKr08zGLUiPe1zuRLfXfQCZvh47FhU/w0CBWOVOz6mO',7,'sdf',10,6,'hgfyh',1),(6,'Gia','','gia12@gmail.com','9012347658','234516257829','$2a$11$UNBR9A9c9IIOKJx6Plthluk.tJRSB3vof.hJvvD55LDwInfsDQIGy',2,'Rasta Peth',3,2,'aig',1),(7,'Rakesh','Shah','rakesh@gmail.com','9812673450','234512347854','$2a$11$3HkJU6Vjpymg6wvjmIEoLuvD8g6wxYrTI9NUM3Q2Dvto/ZxXxvxS2',2,'Rasta Peth',2,1,'shah',0);
/*!40000 ALTER TABLE `users` ENABLE KEYS */;
UNLOCK TABLES;

--
-- Dumping events for database 'travelnest'
--

--
-- Dumping routines for database 'travelnest'
--
/*!40103 SET TIME_ZONE=@OLD_TIME_ZONE */;

/*!40101 SET SQL_MODE=@OLD_SQL_MODE */;
/*!40014 SET FOREIGN_KEY_CHECKS=@OLD_FOREIGN_KEY_CHECKS */;
/*!40014 SET UNIQUE_CHECKS=@OLD_UNIQUE_CHECKS */;
/*!40101 SET CHARACTER_SET_CLIENT=@OLD_CHARACTER_SET_CLIENT */;
/*!40101 SET CHARACTER_SET_RESULTS=@OLD_CHARACTER_SET_RESULTS */;
/*!40101 SET COLLATION_CONNECTION=@OLD_COLLATION_CONNECTION */;
/*!40111 SET SQL_NOTES=@OLD_SQL_NOTES */;

-- Dump completed on 2024-08-06 14:57:01
